customer_id,cohort,recognized_mrr,price_name,avg_3m_admin_bookings,avg_3m_user_bookings,churn_risk_score,churn_risk_quartiles,optimized_price,new_churn_risk_score,new_churn_risk_segments,price_change_%
399,01/07/2024,99.0,GoldPro 99€ monthly,0,15,16.361227532326563,High,99.0,16.361227532326563,High,0.0
105,01/12/2024,119.0,GoldPro 119€ monthly,2,1,75.91322845806377,Critical,119.0,75.91322845806377,Critical,0.0
147,01/01/2024,84.0,Dynamic GoldPro 84€ monthly (15% discount),7,7,19.819564507209943,High,84.0,19.819564507209943,High,0.0
218,01/07/2023,99.0,GoldPro 99€ monthly,0,1,75.15038234372548,Critical,99.0,75.15038234372548,Critical,0.0
185,01/06/2023,159.0,Platin 159€ monthly,0,1,121.16187465401786,Critical,159.0,121.16187465401786,Critical,0.0
16,01/09/2024,159.0,Platin 159€ monthly,0,9,39.720952419560966,Critical,159.0,39.720952419560966,Critical,0.0
280,01/05/2023,99.0,Dynamic GoldPro 99€ monthly,0,17,14.711174884511115,High,99.0,14.711174884511115,High,0.0
419,01/05/2024,89.0,Dynamic GoldPro 89€ monthly (10% discount),1,5,31.814022882680575,Critical,89.0,31.814022882680575,Critical,0.0
160,01/06/2023,99.0,GoldPro 99€ monthly,30,47,4.698028312735855,Low,186.56,14.4075,Medium,88.44444444444444
69,01/10/2024,1.0,GoldPro 1€ monthly,129,14,-0.10733048964720518,Low,195.0,14.1378,Medium,19400.0
331,01/10/2024,87.0,Dynamic GoldPro 99€ monthly,148,1,4.2401185573086915,Low,181.28,14.4075,Medium,108.36781609195403
68,01/07/2023,99.0,Dynamic GoldPro 99€ monthly,152,10,4.084465295557562,Low,195.0,13.2183,Medium,96.96969696969697
292,01/09/2021,99.0,Jameda import jameda_gold_pro 99.00 m1,290,71,1.2976806981624471,Low,195.0,4.9791,Low,96.96969696969697
67,01/12/2023,99.0,Dynamic GoldPro 99€ monthly,440,3,1.4289649321493112,Low,195.0,5.3445,Low,96.96969696969697
217,01/07/2022,119.0,Jameda import jameda_gold_pro 119.00 m1,775,68,0.36068427303848394,Low,195.0,2.2483,Low,63.86554621848739
470,01/07/2024,1.0,GoldPro 1€ monthly,0,4,-0.006887052341597796,Low,26.71,14.4075,Medium,2571.0
264,01/09/2024,119.0,Dynamic Platin 119€ monthly (25% discount),13,20,12.676069849793803,Medium,119.0,14.4075,Medium,0.0
360,01/08/2022,87.0,Dynamic Platin 127€ monthly (20% discount),54,13,7.067293921883489,Medium,112.71,14.4075,Medium,29.551724137931036
291,01/01/2020,111.0,Dynamic Platin 119€ monthly (25% discount),162,64,2.3660246208315283,Low,195.0,7.2306,Medium,75.67567567567568
8,01/01/2024,81.0,Dynamic Platin 119€ monthly (25% discount),509,10,0.8305663320442676,Low,195.0,4.4274,Low,140.74074074074073
287,01/03/2022,75.0,Dynamic GoldPro 99€ monthly,521,9,0.7179675455388557,Low,195.0,4.3461,Low,160.0
422,01/02/2023,135.0,Dynamic Platin 135€ monthly (15% discount),739,42,0.6975031762681204,Low,195.0,2.6099,Low,44.44444444444444
22,01/04/2022,127.0,Dynamic Platin 127€ monthly (20% discount),112,16,6.09719426837983,Medium,185.75,14.4075,Medium,46.259842519685044
244,01/08/2024,99.0,Dynamic GoldPro 99€ monthly,0,1,75.15038234372548,Critical,99.0,75.15038234372548,Critical,0.0
170,01/12/2020,79.0,Jameda import jameda_gold 79.00 m1,0,4,33.81662479197993,Critical,79.0,33.81662479197993,Critical,0.0
19,01/12/2022,119.0,Platin 119€ monthly (25% discount),0,5,44.686495320805726,Critical,119.0,44.686495320805726,Critical,0.0
368,01/01/2024,99.0,GoldPro 99€ monthly,0,7,29.6117172901661,Critical,99.0,29.6117172901661,Critical,0.0
447,01/12/2023,74.0,GoldPro 74€ monthly (25% discount),0,8,20.029187524833254,High,74.0,20.029187524833254,High,0.0
181,01/02/2022,149.0,Jameda import jameda_platin 149.00 m1,0,10,34.31977369605814,Critical,149.0,34.31977369605814,Critical,0.0
255,01/01/2020,119.0,Jameda import jameda_gold_pro 119.00 m1,0,12,23.682378502984832,High,119.0,23.682378502984832,High,0.0
385,01/01/2023,159.0,Dynamic Platin 159€ monthly,0,17,23.735937041835346,High,159.0,23.735937041835346,High,0.0
442,01/05/2024,99.0,Dynamic GoldPro 99€ monthly,0,18,14.004303635348272,Medium,99.0,14.4075,Medium,0.0
137,01/11/2024,127.0,Platin 127€ monthly (20% discount),0,18,18.014388027029835,High,127.0,18.014388027029835,High,0.0
369,01/03/2024,159.0,Platin 159€ monthly,0,18,22.597341617523046,High,159.0,22.597341617523046,High,0.0
274,01/12/2023,99.0,GoldPro 99€ monthly,0,26,10.10586432975573,Medium,99.0,14.4075,Medium,0.0
407,01/03/2023,99.0,GoldPro 99€ monthly,0,61,4.486137549953341,Low,194.73,14.4075,Medium,96.69696969696969
443,01/09/2024,78.0,Dynamic GoldPro 99€ monthly,157,19,2.721365283467171,Low,195.0,11.4575,Medium,150.0
53,01/07/2023,99.0,Dynamic GoldPro 99€ monthly,170,3,4.100304337295558,Low,195.0,13.2661,Medium,96.96969696969697
142,01/10/2024,1.0,GoldPro 1€ monthly,290,19,-0.2198102728161379,Low,195.0,7.0628,Medium,19400.0
461,01/06/2022,149.0,Jameda import jameda_platin 149.00 m1,0,0,152.57731958762886,Critical,149.0,152.57731958762886,Critical,0.0
138,01/10/2023,78.0,Dynamic GoldPro 99€ monthly,0,7,23.26376665478812,High,78.0,23.26376665478812,High,0.0
10,01/07/2024,159.0,Platin 159€ monthly,0,9,39.720952419560966,Critical,159.0,39.720952419560966,Critical,0.0
60,01/01/2020,149.0,Jameda import jameda_platin 149.00 m1,0,11,31.848475456641314,Critical,149.0,31.848475456641314,Critical,0.0
293,01/03/2024,159.0,Platin 159€ monthly,0,15,26.39411772331078,High,159.0,26.39411772331078,High,0.0
412,01/11/2020,99.0,GoldPro 99€ monthly,0,17,14.711174884511115,High,99.0,14.711174884511115,High,0.0
401,01/04/2024,99.0,Dynamic GoldPro 99€ monthly,0,17,14.711174884511115,High,99.0,14.711174884511115,High,0.0
420,01/08/2022,99.0,Jameda import jameda_gold_pro 99.00 m1,0,19,13.361817839625663,Medium,99.0,14.4075,Medium,0.0
484,01/07/2022,159.0,Jameda import jameda_platin 159.00 m1,0,34,12.75911343717888,Medium,159.0,14.4075,Medium,0.0
194,01/11/2024,89.0,GoldPro 89€ monthly (10% discount),10,14,12.72690995297313,Medium,89.0,14.4075,Medium,0.0
153,01/09/2024,74.0,Dynamic GoldPro 74€ monthly (25% discount),90,16,4.067100458403007,Low,161.38,14.4075,Medium,118.08108108108107
20,01/11/2023,87.0,Dynamic GoldPro 99€ monthly,130,63,2.0540062995955957,Low,195.0,8.0653,Medium,124.13793103448273
101,01/02/2024,74.0,GoldPro 74€ monthly (25% discount),181,82,1.1730209445612139,Low,195.0,6.0081,Medium,163.51351351351352
233,01/12/2023,159.0,Dynamic Platin 159€ monthly,185,37,4.1476464788400325,Low,195.0,8.468,Medium,22.64150943396226
386,01/07/2024,99.0,Dynamic GoldPro 99€ monthly,211,7,3.1495736107063874,Low,195.0,10.4027,Medium,96.96969696969697
66,01/01/2020,105.0,Jameda import jameda_gold_pro 105.00 m1,0,14,18.395009197006004,High,105.0,18.395009197006004,High,0.0
89,01/02/2021,159.0,Jameda import jameda_platin 159.00 m1,0,41,10.703430135427629,Medium,159.0,14.4075,Medium,0.0
362,01/10/2023,1.0,GoldPro 1€ monthly,18,11,-0.030552297165200394,Low,67.1,14.4075,Medium,6609.999999999999
267,01/08/2022,159.0,Jameda import jameda_platin 159.00 m1,27,35,9.772615508565234,Medium,159.0,14.4075,Medium,0.0
144,01/06/2023,65.0,Dynamic GoldPro 74€ monthly (25% discount),0,21,7.9794103995431325,Medium,76.68,14.4075,Medium,17.969230769230784
281,01/05/2023,109.0,Dynamic Platin 159€ monthly,0,137,2.075217201888612,Low,195.0,6.5792,Medium,78.89908256880733
392,01/05/2023,109.0,Dynamic Platin 159€ monthly,2,186,1.3833187393266142,Low,195.0,4.7806,Low,78.89908256880733
223,01/12/2024,99.0,GoldPro 99€ monthly,6,12,17.08072674723861,High,99.0,17.08072674723861,High,0.0
458,01/03/2020,99.0,Jameda import jameda_gold_pro 99.00 m1,83,17,5.669448498680549,Medium,156.58,14.4075,Medium,58.161616161616166
319,01/09/2023,78.0,Dynamic GoldPro 99€ monthly,104,1,5.3079774698676,Low,132.58,14.4075,Medium,69.97435897435899
342,01/06/2023,99.0,GoldPro 99€ monthly,213,18,2.7446358092211445,Low,195.0,9.1885,Medium,96.96969696969697
206,01/03/2022,99.0,Jameda import jameda_gold_pro 99.00 m1,220,25,2.474015104001331,Low,195.0,8.3816,Medium,96.96969696969697
306,01/07/2023,99.0,Dynamic GoldPro 99€ monthly,0,73,3.7396387403943927,Low,195.0,12.1792,Medium,96.96969696969697
199,01/12/2020,99.0,Jameda import jameda_gold_pro 99.00 m1,22,8,15.294768184333307,High,99.0,15.294768184333307,High,0.0
100,01/01/2021,99.0,Jameda import jameda_gold_pro 99.00 m1,318,151,0.6093123538224149,Low,195.0,3.1832,Low,96.96969696969697
116,01/07/2023,95.0,Platin 95€ monthly (40% discount),0,3,47.660579409427896,Critical,95.0,47.660579409427896,Critical,0.0
250,01/01/2024,119.0,Dynamic Platin 119€ monthly (25% discount),0,15,19.705524262654635,High,119.0,19.705524262654635,High,0.0
230,01/02/2022,159.0,Platin 159€ monthly,175,0,6.7947363584376985,Medium,195.0,13.4808,Medium,22.64150943396226
225,01/01/2020,109.0,Jameda import jameda_platin 109.00 m1,176,51,2.4963815922086763,Low,195.0,7.7077,Medium,78.89908256880733
263,01/03/2020,99.0,Jameda import jameda_gold_pro 99.00 m1,181,42,2.4136177786997886,Low,195.0,8.2022,Medium,96.96969696969697
215,01/07/2023,87.0,Dynamic GoldPro 99€ monthly,0,2,52.49819620407254,Critical,87.0,52.49819620407254,Critical,0.0
36,01/10/2023,99.0,Dynamic GoldPro 99€ monthly,0,14,17.33236801160976,High,99.0,17.33236801160976,High,0.0
346,01/01/2024,99.0,Dynamic GoldPro 99€ monthly,0,14,17.33236801160976,High,99.0,17.33236801160976,High,0.0
56,01/03/2024,99.0,GoldPro 99€ monthly,19,8,16.25238639479367,High,99.0,16.25238639479367,High,0.0
315,01/02/2021,143.0,Platin 143€ monthly (10% discount),343,127,1.2050660985753376,Low,195.0,3.3935,Low,36.36363636363635
97,01/02/2024,84.0,Dynamic GoldPro 84€ monthly (15% discount),0,6,27.89696927976976,High,84.0,27.89696927976976,High,0.0
402,01/12/2024,99.0,GoldPro 99€ monthly,4,2,45.81643485602816,Critical,99.0,45.81643485602816,Critical,0.0
169,01/08/2023,83.0,Dynamic GoldPro 99€ monthly,17,6,16.05122666109324,High,83.0,16.05122666109324,High,0.0
120,01/08/2024,99.0,Dynamic GoldPro 99€ monthly,18,13,12.920074534986718,Medium,99.0,14.4075,Medium,0.0
107,01/12/2023,99.0,GoldPro 99€ monthly,44,7,11.076657455295846,Medium,99.0,14.4075,Medium,0.0
197,01/01/2024,99.0,GoldPro 99€ monthly,153,19,3.5714274233308774,Low,195.0,11.6723,Medium,96.96969696969697
397,01/10/2024,79.0,GoldPro 79€ monthly (20% discount),0,1,59.813218240294695,Critical,79.0,59.813218240294695,Critical,0.0
426,01/01/2021,99.0,Jameda import jameda_gold_pro 99.00 m1,30,0,20.722093922128717,High,99.0,20.722093922128717,High,0.0
472,01/02/2024,79.0,GoldPro 79€ monthly (20% discount),0,7,23.566050018377553,High,79.0,23.566050018377553,High,0.0
467,01/04/2024,99.0,GoldPro 99€ monthly,0,10,22.719438788317554,High,99.0,22.719438788317554,High,0.0
213,01/04/2022,99.0,Dynamic Platin 127€ monthly (20% discount),5,6,27.209129507520608,High,99.0,27.209129507520608,High,0.0
294,01/07/2023,159.0,Dynamic Platin 159€ monthly,18,16,18.40315027597131,High,159.0,18.40315027597131,High,0.0
235,01/05/2023,99.0,GoldPro 99€ monthly,20,7,16.838508654729825,High,99.0,16.838508654729825,High,0.0
198,01/01/2020,195.0,Jameda import jameda_platin 195.00 m1,26,23,16.23697210266038,High,195.0,16.23697210266038,High,0.0
157,01/05/2023,99.0,Dynamic Platin 127€ monthly (20% discount),127,0,5.728748677328657,Medium,155.07,14.4075,Medium,56.63636363636364
29,01/07/2023,78.0,Jameda import jameda_gold_pro 78.00 m1,104,95,1.4535419173275232,Low,195.0,6.7292,Medium,150.0
189,01/01/2023,99.0,GoldPro 99€ monthly,0,11,21.082456926039725,High,99.0,21.082456926039725,High,0.0
448,01/06/2021,159.0,Jameda import jameda_platin 159.00 m1,0,8,43.366882572900366,Critical,159.0,43.366882572900366,Critical,0.0
313,01/01/2024,99.0,Dynamic GoldPro 99€ monthly,0,17,14.711174884511115,High,99.0,14.711174884511115,High,0.0
237,01/07/2024,39.0,Dynamic Gold 39€ monthly (50% discount),0,1,29.138890033433107,Critical,39.0,29.138890033433107,Critical,0.0
21,01/05/2024,34.0,GoldPro 34€ monthly (65% discount) - alternative practitioners,0,2,20.142534509852812,High,34.0,20.142534509852812,High,0.0
446,01/11/2023,68.0,GoldPro 68€ monthly - alternative practitioners,0,2,40.89899672878623,Critical,68.0,40.89899672878623,Critical,0.0
339,01/02/2023,119.0,Platin 119€ monthly (25% discount),0,7,35.65738456195466,Critical,119.0,35.65738456195466,Critical,0.0
228,01/05/2023,68.0,GoldPro 68€ monthly - alternative practitioners,0,10,15.52723114551839,High,68.0,15.52723114551839,High,0.0
114,01/02/2024,68.0,GoldPro 68€ monthly - alternative practitioners,0,11,14.407525437066738,Medium,68.0,14.4075,Medium,0.0
151,01/11/2023,68.0,GoldPro 68€ monthly - alternative practitioners,1,7,19.501966623773903,High,68.0,19.501966623773903,High,0.0
388,01/02/2024,68.0,GoldPro 68€ monthly - alternative practitioners,1,15,10.947255233667546,Medium,68.0,14.4075,Medium,0.0
462,01/05/2022,68.0,Jameda import jameda_gold_pro 68.00 m1,1,19,8.970105630194217,Medium,71.89,14.4075,Medium,5.720588235294111
49,01/09/2024,68.0,GoldPro 68€ monthly - alternative practitioners,2,9,15.83549542502334,High,68.0,15.83549542502334,High,0.0
6,01/09/2024,99.0,GoldPro 99€ monthly,3,11,19.50210192144497,High,99.0,19.50210192144497,High,0.0
9,01/08/2024,68.0,GoldPro 68€ monthly - alternative practitioners,4,6,19.268899502057465,High,68.0,19.268899502057465,High,0.0
168,01/08/2023,68.0,GoldPro 68€ monthly - alternative practitioners,5,2,29.58892417021232,Critical,68.0,29.58892417021232,Critical,0.0
289,01/07/2024,111.0,Platin 111€ monthly (30% discount),6,10,21.712938516482932,High,111.0,21.712938516482932,High,0.0
427,01/09/2024,68.0,GoldPro 68€ monthly - alternative practitioners,9,0,31.952956434985033,Critical,68.0,31.952956434985033,Critical,0.0
51,01/03/2024,127.0,Platin 127€ monthly (20% discount),9,8,26.40311420531733,High,127.0,26.40311420531733,High,0.0
298,01/06/2024,68.0,GoldPro 68€ monthly - alternative practitioners,10,20,7.485466307391326,Medium,84.76,14.4075,Medium,24.64705882352942
5,01/02/2023,68.0,GoldPro 68€ monthly - alternative practitioners,11,9,12.493817537827685,Medium,68.0,14.4075,Medium,0.0
303,01/05/2022,44.0,GoldPro 44€ monthly (55% discount) - alternative practitioners,12,5,10.364992999545038,Medium,44.0,14.4075,Medium,0.0
201,01/12/2023,49.0,GoldPro 49€ monthly (50% discount),17,1,13.974286395111802,Medium,49.0,14.4075,Medium,0.0
302,01/06/2024,79.0,GoldPro 79€ monthly (20% discount),17,5,16.339991210411856,High,79.0,16.339991210411856,High,0.0
205,01/05/2023,68.0,GoldPro 68€ monthly - alternative practitioners,26,6,10.73020021949618,Medium,68.0,14.4075,Medium,0.0
389,01/05/2024,68.0,GoldPro 68€ monthly - alternative practitioners,43,9,7.116309304121511,Medium,88.78,14.4075,Medium,30.55882352941177
429,01/10/2024,99.0,GoldPro 99€ monthly,129,1,5.531153474387166,Low,160.24,14.4075,Medium,61.858585858585855
109,01/09/2023,68.0,GoldPro 68€ monthly - alternative practitioners,0,1,51.37777798340775,Critical,68.0,51.37777798340775,Critical,0.0
282,01/06/2023,68.0,GoldPro 68€ monthly - alternative practitioners,0,13,12.589888647439434,Medium,68.0,14.4075,Medium,0.0
91,01/07/2024,68.0,GoldPro 68€ monthly - alternative practitioners,6,9,14.15402981228211,Medium,68.0,14.4075,Medium,0.0
353,01/03/2021,99.0,Jameda import jameda_gold_pro 99.00 m1,24,5,17.33953720742643,High,99.0,17.33953720742643,High,0.0
134,01/07/2023,159.0,Platin 159€ monthly,48,30,9.212370144349983,Medium,159.0,14.4075,Medium,0.0
3,01/01/2020,195.0,Jameda import jameda_platin 195.00 m1,0,0,200.0,Critical,195.0,200.0,Critical,0.0
152,01/09/2020,68.0,Jameda import jameda_gold_pro 68.00 m1,0,2,40.89899672878623,Critical,68.0,40.89899672878623,Critical,0.0
175,01/10/2024,68.0,GoldPro 68€ monthly - alternative practitioners,0,5,25.369119804298364,High,68.0,25.369119804298364,High,0.0
128,01/02/2023,68.0,GoldPro 68€ monthly - alternative practitioners,0,6,22.51724882516115,High,68.0,22.51724882516115,High,0.0
64,01/03/2024,68.0,GoldPro 68€ monthly - alternative practitioners,0,6,22.51724882516115,High,68.0,22.51724882516115,High,0.0
416,01/02/2024,68.0,GoldPro 68€ monthly - alternative practitioners,0,7,20.24093301889385,High,68.0,20.24093301889385,High,0.0
297,01/11/2024,68.0,GoldPro 68€ monthly - alternative practitioners,0,11,14.407525437066738,Medium,68.0,14.4075,Medium,0.0
166,01/01/2020,45.0,Jameda import jameda_gold_pro 45.00 m1,0,12,8.817760411114389,Medium,50.21,14.4075,Medium,11.577777777777776
155,01/03/2024,49.0,GoldPro 49€ monthly (50% discount),0,16,7.574181201525757,Medium,61.97,14.4075,Medium,26.469387755102037
17,01/11/2024,68.0,GoldPro 68€ monthly - alternative practitioners,1,1,46.877552989071106,Critical,68.0,46.877552989071106,Critical,0.0
405,01/06/2020,29.0,Dynamic GoldPro 29€ monthly (70% discount),1,4,11.509179928874067,Medium,29.0,14.4075,Medium,0.0
115,01/03/2024,68.0,GoldPro 68€ monthly - alternative practitioners,1,6,21.606854107644043,High,68.0,21.606854107644043,High,0.0
58,01/10/2024,68.0,GoldPro 68€ monthly - alternative practitioners,1,6,21.606854107644043,High,68.0,21.606854107644043,High,0.0
104,01/07/2022,29.0,GoldPro 29€ monthly (70% discount),2,1,18.011011094202047,High,29.0,18.011011094202047,High,0.0
356,01/08/2023,68.0,GoldPro 68€ monthly - alternative practitioners,2,1,43.10197195187546,Critical,68.0,43.10197195187546,Critical,0.0
381,01/02/2023,68.0,GoldPro 68€ monthly - alternative practitioners,2,4,26.20044359702193,High,68.0,26.20044359702193,High,0.0
415,01/11/2023,68.0,GoldPro 68€ monthly - alternative practitioners,2,19,8.820534377572693,Medium,73.0,14.4075,Medium,7.352941176470584
187,01/01/2020,99.0,GoldPro 99€ monthly,2,40,6.650820437236319,Medium,134.88,14.4075,Medium,36.242424242424235
340,01/12/2024,99.0,GoldPro 99€ monthly,3,9,22.50259540788494,High,99.0,22.50259540788494,High,0.0
172,01/05/2020,59.0,GoldPro 59€ monthly (40% discount),4,9,12.937480207157007,Medium,59.0,14.4075,Medium,0.0
129,01/05/2023,68.0,GoldPro 68€ monthly - alternative practitioners,4,9,14.947825215446352,High,68.0,14.947825215446352,High,0.0
396,01/07/2023,68.0,GoldPro 68€ monthly - alternative practitioners,5,13,11.257475005945283,Medium,68.0,14.4075,Medium,0.0
424,01/03/2024,49.0,GoldPro 49€ monthly (50% discount),5,15,7.236918734715951,Medium,64.54,14.4075,Medium,31.714285714285715
431,01/01/2023,49.0,Dynamic GoldPro 49€ monthly (50% discount),6,14,7.475217565205873,Medium,62.7,14.4075,Medium,27.95918367346939
459,01/07/2023,68.0,GoldPro 68€ monthly - alternative practitioners,8,16,9.125747323944493,Medium,70.79,14.4075,Medium,4.102941176470587
179,01/10/2024,68.0,GoldPro 68€ monthly - alternative practitioners,11,20,7.380469130629363,Medium,85.87,14.4075,Medium,26.279411764705895
473,01/01/2024,68.0,GoldPro 68€ monthly - alternative practitioners,13,5,15.684140807355782,High,68.0,15.684140807355782,High,0.0
363,01/06/2024,74.0,Dynamic GoldPro 74€ monthly (25% discount),13,15,9.56167171689857,Medium,74.0,14.4075,Medium,0.0
418,01/04/2024,68.0,GoldPro 68€ monthly - alternative practitioners,18,0,20.777096935629164,High,68.0,20.777096935629164,High,0.0
25,01/01/2022,68.0,Jameda import jameda_gold_pro 68.00 m1,19,9,10.516348734232022,Medium,68.0,14.4075,Medium,0.0
180,01/03/2024,99.0,GoldPro 99€ monthly,20,8,15.920204283803974,High,99.0,15.920204283803974,High,0.0
321,01/09/2023,68.0,GoldPro 68€ monthly - alternative practitioners,24,19,6.443868448736084,Medium,97.27,14.4075,Medium,43.04411764705882
82,01/01/2020,119.0,Jameda import jameda_gold_pro 119.00 m1,25,59,4.838951305227066,Low,195.0,12.9603,Medium,63.86554621848739
259,01/07/2023,149.0,Dynamic Platin 159€ monthly,29,7,21.301551393496673,High,149.0,21.301551393496673,High,0.0
190,01/07/2023,68.0,GoldPro 68€ monthly - alternative practitioners,30,7,9.45465633314109,Medium,68.56,14.4075,Medium,0.8235294117647118
408,01/05/2024,68.0,GoldPro 68€ monthly - alternative practitioners,32,6,9.568849771392564,Medium,68.0,14.4075,Medium,0.0
337,01/03/2023,68.0,GoldPro 68€ monthly - alternative practitioners,32,8,8.726799803257277,Medium,73.71,14.4075,Medium,8.397058823529413
242,01/06/2023,44.0,GoldPro 44€ monthly (55% discount) - alternative practitioners,33,13,4.510152890159041,Low,89.53,14.4075,Medium,103.47727272727272
465,01/08/2022,68.0,Jameda import jameda_gold_pro 68.00 m1,37,3,10.117814636776812,Medium,68.0,14.4075,Medium,0.0
349,01/06/2024,99.0,GoldPro 99€ monthly,40,0,16.371883406432108,High,99.0,16.371883406432108,High,0.0
492,01/03/2023,68.0,GoldPro 68€ monthly - alternative practitioners,40,27,4.395848095283938,Low,138.53,14.4075,Medium,103.72058823529412
295,01/08/2022,47.0,Platin 47€ monthly (70% discount),43,0,7.214145221085121,Medium,62.3,14.4075,Medium,32.55319148936169
32,01/12/2023,68.0,GoldPro 68€ monthly - alternative practitioners,49,3,8.229755236196748,Medium,77.74,14.4075,Medium,14.32352941176469
219,01/07/2024,68.0,GoldPro 68€ monthly - alternative practitioners,49,5,7.596834877842916,Medium,83.63,14.4075,Medium,22.985294117647047
207,01/07/2021,68.0,Jameda import jameda_gold_pro 68.00 m1,50,20,4.750502958722232,Low,128.93,14.4075,Medium,89.60294117647061
284,01/03/2021,95.0,Dynamic Platin 95€ monthly (40% discount),64,6,8.505927161909641,Medium,103.12,14.4075,Medium,8.547368421052637
76,01/02/2024,68.0,GoldPro 68€ monthly - alternative practitioners,82,22,3.514913998064928,Low,170.25,14.4075,Medium,150.36764705882354
357,01/04/2022,68.0,Jameda import jameda_gold_pro 68.00 m1,148,1,3.2818725150310777,Low,181.28,14.4075,Medium,166.58823529411765
406,01/01/2020,159.0,Jameda import jameda_platin 159.00 m1,197,3,5.801154419021356,Medium,195.0,11.6016,Medium,22.64150943396226
499,01/04/2024,68.0,GoldPro 68€ monthly - alternative practitioners,0,5,25.369119804298364,High,68.0,25.369119804298364,High,0.0
436,01/01/2024,68.0,GoldPro 68€ monthly - alternative practitioners,0,6,22.51724882516115,High,68.0,22.51724882516115,High,0.0
299,01/12/2024,99.0,GoldPro 99€ monthly,1,8,25.998646308396346,High,99.0,25.998646308396346,High,0.0
348,01/06/2022,68.0,Jameda import jameda_gold_pro 68.00 m1,47,10,6.525726528163994,Medium,96.14,14.4075,Medium,41.38235294117647
355,01/04/2024,159.0,Dynamic Platin 159€ monthly,0,9,39.720952419560966,Critical,159.0,39.720952419560966,Critical,0.0
117,01/08/2024,99.0,GoldPro 99€ monthly,0,34,7.8916501275273125,Medium,114.97,14.4075,Medium,16.131313131313128
133,01/03/2020,119.0,GoldPro 119€ monthly,1,4,48.527183244071885,Critical,119.0,48.527183244071885,Critical,0.0
178,01/08/2024,119.0,GoldPro 119€ monthly,1,16,18.29617112281141,High,119.0,18.29617112281141,High,0.0
13,01/09/2024,99.0,Dynamic GoldPro 99€ monthly,17,3,23.88742508091115,High,99.0,23.88742508091115,High,0.0
384,01/05/2024,99.0,GoldPro 99€ monthly,25,11,12.572230814502436,Medium,99.0,14.4075,Medium,0.0
112,01/05/2023,68.0,GoldPro 68€ monthly - alternative practitioners,31,3,11.423782599460083,Medium,68.0,14.4075,Medium,0.0
38,01/12/2022,99.0,Dynamic GoldPro 99€ monthly,49,6,10.718967734699266,Medium,99.0,14.4075,Medium,0.0
229,01/09/2024,99.0,GoldPro 99€ monthly,60,15,7.2001000437128795,Medium,125.24,14.4075,Medium,26.505050505050498
4,01/05/2024,99.0,Dynamic GoldPro 99€ monthly,60,34,4.843156295068351,Low,181.36,14.4075,Medium,83.1919191919192
338,01/09/2024,84.0,GoldPro 84€ monthly (15% discount),5,7,21.083051467847636,High,84.0,21.083051467847636,High,0.0
325,01/09/2024,119.0,GoldPro 119€ monthly,0,6,39.66510777422609,Critical,119.0,39.66510777422609,Critical,0.0
210,01/10/2024,74.0,GoldPro 74€ monthly (25% discount),0,1,55.97892721443699,Critical,74.0,55.97892721443699,Critical,0.0
318,01/09/2024,99.0,Dynamic GoldPro 99€ monthly,0,11,21.082456926039725,High,99.0,21.082456926039725,High,0.0
498,01/09/2024,99.0,GoldPro 99€ monthly,0,0,101.03092783505154,Critical,99.0,101.03092783505154,Critical,0.0
252,01/10/2021,149.0,Jameda import jameda_platin 149.00 m1,0,1,113.49329260230246,Critical,149.0,113.49329260230246,Critical,0.0
265,01/10/2023,29.0,Dynamic GoldPro 29€ monthly (70% discount),0,2,17.090113595303777,High,29.0,17.090113595303777,High,0.0
88,01/12/2024,69.0,GoldPro 69€ monthly (30% discount),0,2,41.50948091169603,Critical,69.0,41.50948091169603,Critical,0.0
454,01/03/2024,159.0,Dynamic Platin 159€ monthly,0,2,96.4530573735786,Critical,159.0,96.4530573735786,Critical,0.0
103,01/08/2023,79.0,Dynamic GoldPro 79€ monthly (20% discount),0,3,39.54726116284337,Critical,79.0,39.54726116284337,Critical,0.0
55,01/07/2023,159.0,Dynamic Platin 159€ monthly,0,4,68.50740617077125,Critical,159.0,68.50740617077125,Critical,0.0
403,01/02/2024,159.0,Platin 159€ monthly,0,4,68.50740617077125,Critical,159.0,68.50740617077125,Critical,0.0
382,01/06/2024,159.0,Platin 159€ monthly,0,4,68.50740617077125,Critical,159.0,68.50740617077125,Critical,0.0
372,01/11/2020,40.0,Jameda import jameda_gold_pro 40.00 m1,0,5,14.76350187366687,High,40.0,14.76350187366687,High,0.0
482,01/09/2023,99.0,GoldPro 99€ monthly,0,5,37.11105394178323,Critical,99.0,37.11105394178323,Critical,0.0
457,01/02/2024,159.0,Dynamic Platin 159€ monthly,0,5,59.837378078850726,Critical,159.0,59.837378078850726,Critical,0.0
352,01/01/2023,1.0,GoldPro 1€ monthly,0,6,-0.010330578512396695,Low,32.59,14.4075,Medium,3159.0000000000005
279,01/07/2024,99.0,Dynamic GoldPro 99€ monthly,0,6,32.94045720596533,Critical,99.0,32.94045720596533,Critical,0.0
11,01/01/2020,99.0,Dynamic GoldPro 99€ monthly,0,8,26.89321548014711,High,99.0,26.89321548014711,High,0.0
404,01/06/2021,159.0,Jameda import jameda_platin 159.00 m1,0,8,43.366882572900366,Critical,159.0,43.366882572900366,Critical,0.0
183,01/06/2023,99.0,Dynamic GoldPro 99€ monthly,0,9,24.631161930701637,High,99.0,24.631161930701637,High,0.0
37,01/02/2022,159.0,Jameda import jameda_platin 159.00 m1,0,9,39.720952419560966,Critical,159.0,39.720952419560966,Critical,0.0
495,01/02/2024,119.0,Platin 119€ monthly (25% discount),0,10,27.359572751413786,High,119.0,27.359572751413786,High,0.0
383,01/09/2024,99.0,Dynamic GoldPro 99€ monthly,0,12,19.664914153830658,High,99.0,19.664914153830658,High,0.0
493,01/09/2020,1.0,Platin 1€ monthly,0,13,-0.022382920110192838,Low,53.15,14.4075,Medium,5215.0
186,01/07/2024,58.0,Dynamic GoldPro 74€ monthly (25% discount),0,17,8.544254077006226,Medium,64.91,14.4075,Medium,11.913793103448267
72,01/01/2020,99.0,Jameda import jameda_gold_pro 99.00 m1,0,30,8.865008134455694,Medium,103.18,14.4075,Medium,4.222222222222238
111,01/12/2021,149.0,Jameda import jameda_platin 149.00 m1,0,44,9.370868214846086,Medium,149.0,14.4075,Medium,0.0
300,01/09/2023,30.0,Dynamic GoldPro 39€ monthly (60% discount),2,9,6.844649135707549,Medium,43.6,14.4075,Medium,45.333333333333336
433,01/10/2023,159.0,Dynamic Platin 159€ monthly,25,19,15.077359309370369,High,159.0,15.077359309370369,High,0.0
15,01/10/2023,159.0,Dynamic Platin 159€ monthly,27,1,33.71720001801674,Critical,159.0,33.71720001801674,Critical,0.0
125,01/11/2020,25.0,Dynamic GoldPro 29€ monthly (70% discount),31,4,3.852786078962537,Low,60.84,14.4075,Medium,143.36
130,01/02/2024,74.0,GoldPro 74€ monthly (25% discount),41,22,5.3631394472133636,Low,124.89,14.4075,Medium,68.77027027027027
83,01/11/2024,1.0,GoldPro 1€ monthly,64,3,-0.046455611836843505,Low,94.29,14.4075,Medium,9329.0
366,01/06/2022,125.0,Jameda import jameda_platin 125.00 m1,72,16,8.016844427360839,Medium,141.46,14.4075,Medium,13.168000000000003
332,01/09/2024,99.0,GoldPro 99€ monthly,100,25,4.380301502478602,Low,195.0,14.1094,Medium,96.96969696969697
81,01/05/2023,99.0,Dynamic GoldPro 99€ monthly,107,22,4.40698331468288,Low,195.0,14.1898,Medium,96.96969696969697
240,01/03/2022,52.0,Dynamic GoldPro 59€ monthly (40% discount),118,7,2.733054105509311,Low,165.79,14.4075,Medium,218.82692307692304
375,01/04/2024,99.0,GoldPro 99€ monthly,119,1,5.971553165994595,Medium,149.17,14.4075,Medium,50.67676767676765
410,01/08/2022,99.0,Jameda import jameda_gold_pro 99.00 m1,127,5,5.196580551551373,Low,169.84,14.4075,Medium,71.55555555555554
262,01/04/2020,159.0,Jameda import jameda_platin 159.00 m1,135,5,7.991561390886399,Medium,178.71,14.4075,Medium,12.396226415094347
78,01/02/2024,79.0,GoldPro 79€ monthly (20% discount),152,0,3.803005132000293,Low,182.76,14.4075,Medium,131.3417721518987
31,01/04/2024,84.0,Dynamic GoldPro 84€ monthly (15% discount),169,6,3.3208534155008933,Low,195.0,12.7908,Medium,132.14285714285717
251,01/05/2022,99.0,Jameda import jameda_gold_pro 99.00 m1,182,16,3.2234584141243907,Low,195.0,10.6249,Medium,96.96969696969697
421,01/04/2022,99.0,Jameda import jameda_gold_pro 99.00 m1,195,0,3.7360415914038634,Low,195.0,12.1683,Medium,96.96969696969697
483,01/08/2023,99.0,Dynamic GoldPro 99€ monthly,210,31,2.416931623529581,Low,195.0,8.212,Medium,96.96969696969697
90,01/06/2023,149.0,Dynamic Platin 159€ monthly,212,25,3.9479478593498696,Low,195.0,8.6179,Medium,30.87248322147651
23,01/01/2023,99.0,GoldPro 99€ monthly,217,24,2.5298647048107448,Low,195.0,8.5477,Medium,96.96969696969697
140,01/08/2023,159.0,Platin 159€ monthly,242,17,4.0921075449268836,Low,195.0,8.3629,Medium,22.64150943396226
246,01/12/2022,159.0,Platin 159€ monthly,274,7,4.013038751649969,Low,195.0,8.2134,Medium,22.64150943396226
466,01/03/2023,99.0,GoldPro 99€ monthly,296,13,2.1001510898729165,Low,195.0,7.2766,Medium,96.96969696969697
34,01/05/2021,99.0,Jameda import jameda_gold_pro 99.00 m1,348,26,1.57245279935679,Low,195.0,5.7496,Medium,96.96969696969697
139,01/05/2022,159.0,Jameda import jameda_platin 159.00 m1,540,1,1.9433652877940069,Low,195.0,4.3663,Low,22.64150943396226
460,01/06/2022,99.0,Jameda import jameda_gold_pro 99.00 m1,727,8,0.5527574956854313,Low,195.0,3.0478,Low,96.96969696969697
309,01/12/2022,143.0,Platin 143€ monthly (10% discount),0,0,146.39175257731958,Critical,143.0,146.39175257731958,Critical,0.0
477,01/07/2023,159.0,Platin 159€ monthly,0,9,39.720952419560966,Critical,159.0,39.720952419560966,Critical,0.0
486,01/10/2024,99.0,Dynamic GoldPro 99€ monthly,98,19,4.908599202535977,Low,179.11,14.4075,Medium,80.91919191919192
156,01/10/2024,119.0,GoldPro 119€ monthly,44,6,13.874360243268319,Medium,119.0,14.4075,Medium,0.0
377,01/10/2023,111.0,Dynamic Platin 111€ monthly (30% discount),0,1,84.35268080578396,Critical,111.0,84.35268080578396,Critical,0.0
491,01/10/2023,99.0,GoldPro 99€ monthly,35,20,8.088549717770407,Medium,112.36,14.4075,Medium,13.494949494949493
444,01/12/2022,68.0,GoldPro 68€ monthly - alternative practitioners,39,8,7.821716015932104,Medium,81.43,14.4075,Medium,19.75
87,01/02/2023,68.0,GoldPro 68€ monthly - alternative practitioners,49,26,4.167491462913306,Low,145.54,14.4075,Medium,114.02941176470587
423,01/05/2023,68.0,GoldPro 68€ monthly - alternative practitioners,90,1,5.270984818152986,Low,117.1,14.4075,Medium,72.20588235294116
239,01/03/2024,89.0,GoldPro 89€ monthly (10% discount),156,102,1.3364783381213234,Low,195.0,5.6002,Medium,119.1011235955056
148,01/07/2024,69.0,Non-Doc GoldPro 69€ monthly,0,20,8.853941504066503,Medium,73.73,14.4075,Medium,6.85507246376813
455,01/11/2024,49.0,Non-Doc GoldPro 49€ monthly,1,5,17.348897037499714,High,49.0,17.348897037499714,High,0.0
269,01/09/2024,69.0,Non-Doc GoldPro 69€ monthly,1,14,11.757344145399582,Medium,69.0,14.4075,Medium,0.0
94,01/10/2024,69.0,Non-Doc GoldPro 69€ monthly,2,14,11.506613459626184,Medium,69.0,14.4075,Medium,0.0
108,01/06/2024,68.0,GoldPro 68€ monthly - alternative practitioners,16,5,14.412354756266282,High,68.0,14.412354756266282,High,0.0
188,01/10/2024,1.0,GoldPro 1€ monthly,1,8,-0.014419265973518173,Low,39.56,14.4075,Medium,3856.0
373,01/11/2023,49.5,Dynamic GoldPro 594€ annual (50% discount),1,17,7.130303751470409,Medium,66.01,14.4075,Medium,33.35353535353536
253,01/05/2020,159.0,Jameda import jameda_platin 1908.00 m12,0,3,80.113852395766,Critical,159.0,80.113852395766,Critical,0.0
145,01/12/2020,99.0,Jameda import jameda_gold_pro 1188.00 m12,0,10,22.719438788317554,High,99.0,22.719438788317554,High,0.0
98,01/11/2023,49.5,GoldPro 594€ annual (50% discount),0,12,9.721689889674078,Medium,50.21,14.4075,Medium,1.4343434343434325
428,01/01/2020,99.0,Jameda import jameda_gold_pro 1188.00 m12,0,22,11.743112797127223,Medium,99.0,14.4075,Medium,0.0
387,01/07/2020,99.0,Dynamic GoldPro 1188€ annual,0,22,11.743112797127223,Medium,99.0,14.4075,Medium,0.0
146,01/10/2020,99.0,Jameda import jameda_gold_pro 1188.00 m12,0,27,9.764702017915113,Medium,99.0,14.4075,Medium,0.0
231,01/05/2020,99.0,Dynamic GoldPro 1188€ annual,2,9,23.17013318735991,High,99.0,23.17013318735991,High,0.0
481,01/08/2022,99.0,Jameda import jameda_gold_pro 1188.00 m12,31,2,17.736472601734146,High,99.0,17.736472601734146,High,0.0
310,01/11/2023,39.583333333333336,GoldPro 475€ annual (60% discount),73,10,2.804976060269344,Low,124.86,14.4075,Medium,215.4357894736842
77,01/11/2023,39.583333333333336,GoldPro 475€ annual (60% discount),86,9,2.546601801023716,Low,136.28,14.4075,Medium,244.2863157894737
316,01/12/2020,83.0,Jameda import jameda_gold_pro 996.00 m12,0,5,31.050700838565238,Critical,83.0,31.050700838565238,Critical,0.0
335,01/05/2020,99.0,Jameda import jameda_gold_pro 1188.00 m12,0,7,29.6117172901661,Critical,99.0,29.6117172901661,Critical,0.0
171,01/03/2021,99.0,Dynamic GoldPro 1188€ annual,0,7,29.6117172901661,Critical,99.0,29.6117172901661,Critical,0.0
271,01/12/2022,29.666666666666668,GoldPro 356€ annual (70% discount),0,8,7.8569779507433575,Medium,38.46,14.4075,Medium,29.640449438202253
24,01/06/2020,99.0,Jameda import jameda_gold_pro 1188.00 m12,0,12,19.664914153830658,High,99.0,19.664914153830658,High,0.0
75,01/02/2020,159.0,Jameda import jameda_platin 1908.00 m12,0,14,27.95877986557222,High,159.0,27.95877986557222,High,0.0
208,01/04/2020,99.0,Jameda import jameda_gold_pro 1188.00 m12,0,20,12.775284194849368,Medium,99.0,14.4075,Medium,0.0
14,01/01/2020,159.0,Jameda import jameda_platin 1908.00 m12,0,41,10.703430135427629,Medium,159.0,14.4075,Medium,0.0
1,01/07/2023,99.0,GoldPro 1188€ annual,0,54,5.062968390200423,Low,174.02,14.4075,Medium,75.77777777777779
200,01/09/2020,159.0,Jameda import jameda_platin 1908.00 m12,1,3,75.33175167842751,Critical,159.0,75.33175167842751,Critical,0.0
365,01/02/2023,159.0,Platin 1908€ annual,2,21,19.149452189932187,High,159.0,19.149452189932187,High,0.0
209,01/09/2023,75.0,Dynamic GoldPro 1188€ annual,31,16,7.211372761840591,Medium,96.16,14.4075,Medium,28.213333333333335
106,01/09/2023,75.0,Dynamic GoldPro 1188€ annual,92,3,5.422283624125965,Low,125.21,14.4075,Medium,66.94666666666666
118,01/10/2021,74.66666666666667,Dynamic GoldPro 1009€ annual (15% discount),201,4,2.5457828811401972,Low,195.0,11.2518,Medium,161.16071428571428
425,01/07/2020,87.91666666666667,Dynamic GoldPro 1188€ annual,237,59,1.4720872127635576,Low,195.0,6.0917,Medium,121.80094786729856
85,01/08/2020,99.0,Jameda import jameda_gold_pro 1188.00 m12,303,363,-0.20853413222475692,Low,195.0,1.4802,Low,96.96969696969697
307,01/06/2020,159.0,Jameda import jameda_platin 1908.00 m12,488,47,1.6364516940541507,Low,195.0,3.821,Low,22.64150943396226
62,01/04/2020,159.0,Jameda import jameda_platin 1908.00 m12,648,186,0.3573680941187056,Low,195.0,1.7482,Low,22.64150943396226
496,01/05/2021,99.0,Jameda import jameda_gold_pro 1188.00 m12,691,52,0.39954802387114574,Low,195.0,2.6928,Low,96.96969696969697
479,01/12/2020,99.0,Jameda import jameda_gold_pro 1188.00 m12,0,44,6.179440582885389,Medium,144.47,14.4075,Medium,45.92929292929293
113,01/12/2020,99.0,Jameda import jameda_gold_pro 1188.00 m12,0,1,75.15038234372548,Critical,99.0,75.15038234372548,Critical,0.0
417,01/03/2020,69.25,Dynamic GoldPro 831€ annual (30% discount),0,3,34.603207856330926,Critical,69.25,34.603207856330926,Critical,0.0
232,01/05/2020,159.0,Jameda import jameda_platin 1908.00 m12,0,15,26.39411772331078,High,159.0,26.39411772331078,High,0.0
487,01/03/2020,125.0,Jameda import jameda_platin 1500.00 m12,0,18,17.72795342762401,High,125.0,17.72795342762401,High,0.0
260,01/12/2021,159.0,Jameda import jameda_platin 1908.00 m12,0,20,20.617969576415096,High,159.0,20.617969576415096,High,0.0
439,01/04/2022,99.0,Jameda import jameda_gold_pro 1188.00 m12,0,39,6.934421839922134,Medium,129.71,14.4075,Medium,31.020202020202035
110,01/08/2022,99.0,Jameda import jameda_gold_pro 1188.00 m12,15,10,15.811131097038217,High,99.0,15.811131097038217,High,0.0
285,01/10/2020,99.0,Jameda import jameda_gold_pro 1188.00 m12,287,27,1.9029676322724662,Low,195.0,6.7004,Medium,96.96969696969697
471,01/12/2022,99.0,GoldPro 1188€ annual,334,16,1.7936183339781824,Low,195.0,6.3835,Medium,96.96969696969697
445,01/03/2020,99.0,GoldPro 1188€ annual,0,8,26.89321548014711,High,99.0,26.89321548014711,High,0.0
73,01/06/2020,99.0,Jameda import jameda_gold_pro 1188.00 m12,3,33,7.864785062864799,Medium,115.33,14.4075,Medium,16.494949494949495
478,01/02/2022,125.0,Dynamic Platin 1908€ annual,13,10,20.85924892953214,High,125.0,20.85924892953214,High,0.0
317,01/05/2020,99.0,Dynamic GoldPro 1188€ annual,128,56,2.5664155512847198,Low,195.0,8.6566,Medium,96.96969696969697
323,01/03/2023,159.0,Platin 1908€ annual,234,97,2.2036514122828086,Low,195.0,4.837,Low,22.64150943396226
347,01/09/2020,159.0,Jameda import jameda_platin 1908.00 m12,0,15,26.39411772331078,High,159.0,26.39411772331078,High,0.0
164,01/02/2023,99.0,GoldPro 1188€ annual,175,118,1.2572698744623891,Low,195.0,4.8678,Low,96.96969696969697
163,01/01/2020,159.0,Platin 1908€ annual,280,133,1.554555008589293,Low,195.0,3.6776,Low,22.64150943396226
283,01/03/2020,99.0,Jameda import jameda_gold_pro 1188.00 m12,0,4,42.48932013667776,Critical,99.0,42.48932013667776,Critical,0.0
258,01/10/2020,95.33333333333333,Platin 1144€ annual (40% discount),0,15,15.74810646509975,High,95.33333333333333,15.74810646509975,High,0.0
268,01/12/2024,159.0,Platin 1908€ annual,0,38,11.498788737459767,Medium,159.0,14.4075,Medium,0.0
236,01/07/2020,99.0,Jameda import jameda_gold_pro 1188.00 m12,3,82,3.2673204319921396,Low,195.0,10.7568,Medium,96.96969696969697
44,01/03/2020,99.0,Jameda import jameda_gold_pro 1188.00 m12,0,2,59.82400639899022,Critical,99.0,59.82400639899022,Critical,0.0
52,01/10/2020,88.0,Jameda import jameda_gold_pro 1056.00 m12,0,4,37.71933769709396,Critical,88.0,37.71933769709396,Critical,0.0
380,01/08/2020,88.0,Jameda import jameda_gold_pro 1056.00 m12,0,14,15.384192505049976,High,88.0,15.384192505049976,High,0.0
143,01/01/2020,70.33333333333333,Dynamic GoldPro 950€ annual (20% discount),0,16,10.952727606366711,Medium,70.33,14.4075,Medium,-0.004739336492887158
149,01/05/2021,79.16666666666667,Dynamic GoldPro 950€ annual (20% discount),0,30,7.060445783749737,Medium,103.18,14.4075,Medium,30.332631578947368
126,01/03/2021,99.0,Jameda import jameda_gold_pro 1188.00 m12,0,38,7.107314407824977,Medium,126.76,14.4075,Medium,28.04040404040404
92,01/03/2020,99.0,GoldPro 1188€ annual,0,60,4.560846167581579,Low,191.77,14.4075,Medium,93.70707070707071
182,01/08/2020,159.0,Jameda import jameda_platin 1908.00 m12,0,63,7.068979162515488,Medium,195.0,13.9982,Medium,22.64150943396226
167,01/07/2020,159.0,Jameda import jameda_platin 1908.00 m12,4,12,28.814612960922396,Critical,159.0,28.814612960922396,Critical,0.0
158,01/08/2020,119.25,Dynamic Platin 1431€ annual (25% discount),32,90,3.199385784330157,Low,195.0,8.8206,Medium,63.52201257861636
440,01/09/2020,159.0,Dynamic Platin 1908€ annual,70,75,4.368162791492535,Low,195.0,8.8855,Medium,22.64150943396226
150,01/04/2023,89.08333333333333,Dynamic GoldPro 1069€ annual (10% discount),73,65,2.6093197937159616,Low,195.0,9.7165,Medium,118.89616463985035
329,01/06/2023,79.16666666666667,Dynamic GoldPro 950€ annual (20% discount),92,30,3.362217352802894,Low,195.0,13.6974,Medium,146.31578947368416
468,01/10/2020,159.0,Jameda import jameda_platin 1908.00 m12,135,88,3.104545382052102,Low,195.0,6.5031,Medium,22.64150943396226
102,01/10/2020,88.0,Jameda import jameda_gold_pro 1056.00 m12,237,2,2.6230931980172407,Low,195.0,9.8771,Medium,121.59090909090908
28,01/12/2021,159.0,Jameda import jameda_platin 1908.00 m12,0,1,121.16187465401786,Critical,159.0,121.16187465401786,Critical,0.0
65,01/01/2020,149.0,Jameda import jameda_platin 1788.00 m12,0,4,64.17105849842233,Critical,149.0,64.17105849842233,Critical,0.0
336,01/07/2020,159.0,Jameda import jameda_platin 1908.00 m12,0,162,2.589547433653204,Low,195.0,5.5451,Low,22.64150943396226
241,01/11/2020,83.0,Jameda import jameda_gold_pro 996.00 m12,282,5,1.9710140477805418,Low,195.0,8.1404,Medium,134.93975903614458
214,01/09/2023,135.08333333333334,Dynamic Platin 1621€ annual (15% discount),0,1,102.82118258033188,Critical,135.08333333333334,102.82118258033188,Critical,0.0
474,01/07/2023,99.0,Dynamic GoldPro 1188€ annual,32,5,14.71807429246541,High,99.0,14.71807429246541,High,0.0
464,01/09/2021,99.0,Jameda import jameda_gold_pro 1188.00 m12,0,20,12.775284194849368,Medium,99.0,14.4075,Medium,0.0
162,01/04/2020,99.0,Dynamic GoldPro 1188€ annual,0,1,75.15038234372548,Critical,99.0,75.15038234372548,Critical,0.0
161,01/08/2020,88.0,Jameda import jameda_gold_pro 1056.00 m12,0,11,18.713932849307376,High,88.0,18.713932849307376,High,0.0
351,01/01/2023,99.0,GoldPro 1188€ annual,0,12,19.664914153830658,High,99.0,19.664914153830658,High,0.0
475,01/02/2020,159.0,Jameda import jameda_platin 1908.00 m12,0,21,19.752275054037398,High,159.0,19.752275054037398,High,0.0
324,01/05/2020,99.0,Jameda import jameda_gold_pro 1188.00 m12,0,28,9.445507124451092,Medium,99.0,14.4075,Medium,0.0
61,01/05/2020,99.0,Jameda import jameda_gold_pro 1188.00 m12,25,31,6.710759858462204,Medium,133.75,14.4075,Medium,35.1010101010101
39,01/04/2020,88.0,Jameda import jameda_gold_pro 1056.00 m12,26,7,13.228623756744655,Medium,88.0,14.4075,Medium,0.0
124,01/02/2020,99.0,GoldPro 1188€ annual,0,3,49.68890897107403,Critical,99.0,49.68890897107403,Critical,0.0
453,01/06/2020,159.0,Jameda import jameda_platin 1908.00 m12,0,3,80.113852395766,Critical,159.0,80.113852395766,Critical,0.0
122,01/07/2022,99.0,Jameda import jameda_gold_pro 1188.00 m12,0,14,17.33236801160976,High,99.0,17.33236801160976,High,0.0
343,01/04/2020,99.0,Jameda import jameda_gold_pro 1188.00 m12,73,19,5.87648042642962,Medium,151.42,14.4075,Medium,52.94949494949495
333,01/06/2020,99.0,Jameda import jameda_gold_pro 1188.00 m12,115,12,4.964041989456398,Low,177.25,14.4075,Medium,79.04040404040404
30,01/05/2023,99.0,GoldPro 1188€ annual,0,2,59.82400639899022,Critical,99.0,59.82400639899022,Critical,0.0
370,01/03/2020,125.0,Jameda import jameda_platin 1500.00 m12,0,2,75.69659515464518,Critical,125.0,75.69659515464518,Critical,0.0
59,01/02/2020,99.0,Jameda import jameda_gold_pro 1188.00 m12,0,40,6.769508518934145,Medium,132.66,14.4075,Medium,33.999999999999986
247,01/07/2020,87.91666666666667,Dynamic GoldPro 1188€ annual,0,41,5.856256545815054,Medium,135.62,14.4075,Medium,54.25971563981042
204,01/03/2021,159.0,Jameda import jameda_platin 1908.00 m12,181,51,3.6813640469921856,Low,195.0,7.587,Medium,22.64150943396226
40,01/07/2020,159.0,Jameda import jameda_platin 1908.00 m12,4,1,87.54646596192613,Critical,159.0,87.54646596192613,Critical,0.0
391,01/03/2020,111.25,Platin 1335€ annual (30% discount),0,0,113.65979381443299,Critical,111.25,113.65979381443299,Critical,0.0
395,01/02/2020,99.0,GoldPro 1188€ annual,0,1,75.15038234372548,Critical,99.0,75.15038234372548,Critical,0.0
414,01/11/2020,149.0,Jameda import jameda_platin 1788.00 m12,0,1,113.49329260230246,Critical,149.0,113.49329260230246,Critical,0.0
192,01/02/2020,159.0,Jameda import jameda_platin 1908.00 m12,0,1,121.16187465401786,Critical,159.0,121.16187465401786,Critical,0.0
390,01/03/2020,159.0,Jameda import jameda_platin 1908.00 m12,0,1,121.16187465401786,Critical,159.0,121.16187465401786,Critical,0.0
358,01/07/2020,159.0,Jameda import jameda_platin 1908.00 m12,0,1,121.16187465401786,Critical,159.0,121.16187465401786,Critical,0.0
257,01/05/2020,79.16666666666667,Dynamic GoldPro 950€ annual (20% discount),0,8,21.447753302264786,High,79.16666666666667,21.447753302264786,High,0.0
437,01/01/2020,99.0,Jameda import jameda_gold_pro 1188.00 m12,0,8,26.89321548014711,High,99.0,26.89321548014711,High,0.0
71,01/05/2020,125.0,Dynamic Platin 1908€ annual,0,8,34.03180455367352,Critical,125.0,34.03180455367352,Critical,0.0
378,01/04/2023,159.0,Platin 1908€ annual,0,14,27.95877986557222,High,159.0,27.95877986557222,High,0.0
379,01/08/2020,109.0,Dynamic Platin 1908€ annual,4,5,34.375442996492225,Critical,109.0,34.375442996492225,Critical,0.0
119,01/07/2020,104.25,Dynamic Platin 1335€ annual (30% discount),66,46,4.076113510411059,Low,195.0,12.5499,Medium,87.0503597122302
364,01/11/2020,99.0,GoldPro 1188€ annual,0,8,26.89321548014711,High,99.0,26.89321548014711,High,0.0
497,01/06/2023,68.0,GoldPro 816€ annual - alternative practitioners,0,0,69.0721649484536,Critical,68.0,69.0721649484536,Critical,0.0
54,01/03/2020,68.0,Jameda import jameda_gold_pro 816.00 m12,0,2,40.89899672878623,Critical,68.0,40.89899672878623,Critical,0.0
224,01/01/2020,68.0,Jameda import jameda_gold_pro 816.00 m12,0,10,15.52723114551839,High,68.0,15.52723114551839,High,0.0
452,01/06/2020,68.0,Jameda import jameda_gold_pro 816.00 m12,1,8,17.770023524667103,High,68.0,17.770023524667103,High,0.0
202,01/03/2020,68.0,Jameda import jameda_gold_pro 816.00 m12,27,0,15.387164194816412,High,68.0,15.387164194816412,High,0.0
308,01/11/2020,99.0,Jameda import jameda_gold_pro 1188.00 m12,0,2,59.82400639899022,Critical,99.0,59.82400639899022,Critical,0.0
371,01/01/2023,99.0,GoldPro 1188€ annual,19,5,19.50814629388941,High,99.0,19.50814629388941,High,0.0
2,01/01/2020,99.0,Jameda import jameda_gold_pro 1188.00 m12,27,21,8.570286043207842,Medium,106.47,14.4075,Medium,7.545454545454544
174,01/06/2020,45.0,Jameda import jameda_gold 540.00 m12,0,0,45.36082474226804,Critical,45.0,45.36082474226804,Critical,0.0
334,01/08/2020,45.0,Jameda import jameda_gold 540.00 m12,0,1,33.74003926446235,Critical,45.0,33.74003926446235,Critical,0.0
345,01/03/2021,68.0,Jameda import jameda_gold_pro 816.00 m12,0,1,51.37777798340775,Critical,68.0,51.37777798340775,Critical,0.0
344,01/03/2020,159.0,Jameda import jameda_platin 1908.00 m12,0,1,121.16187465401786,Critical,159.0,121.16187465401786,Critical,0.0
234,01/12/2020,45.0,Jameda import jameda_gold 540.00 m12,0,3,22.30645988885125,High,45.0,22.30645988885125,High,0.0
46,01/10/2020,68.0,Jameda import jameda_gold_pro 816.00 m12,0,3,33.96935486831651,Critical,68.0,33.96935486831651,Critical,0.0
273,01/12/2020,68.0,GoldPro 816€ annual - alternative practitioners,0,4,29.04664235239613,Critical,68.0,29.04664235239613,Critical,0.0
312,01/02/2020,45.0,Jameda import jameda_gold 540.00 m12,0,5,16.657362218422495,High,45.0,16.657362218422495,High,0.0
45,01/07/2020,68.0,Jameda import jameda_gold_pro 816.00 m12,0,11,14.407525437066738,Medium,68.0,14.4075,Medium,0.0
79,01/05/2020,68.0,Jameda import jameda_gold_pro 816.00 m12,3,7,18.1745522635692,High,68.0,18.1745522635692,High,0.0
286,01/08/2023,29.666666666666668,GoldPro 356€ annual (70% discount),26,1,6.270514758153244,Medium,46.52,14.4075,Medium,56.80898876404494
220,01/03/2021,68.0,Jameda import jameda_gold_pro 816.00 m12,30,51,2.9718846428564616,Low,195.0,14.1583,Medium,186.76470588235296
222,01/12/2020,99.0,Dynamic GoldPro 1188€ annual,34,22,7.734065463960803,Medium,117.15,14.4075,Medium,18.333333333333336
132,01/03/2020,68.0,Jameda import jameda_gold_pro 816.00 m12,44,3,8.924669407816834,Medium,72.23,14.4075,Medium,6.220588235294122
409,01/01/2020,68.0,Jameda import jameda_gold_pro 816.00 m12,54,4,7.349503611655145,Medium,86.2,14.4075,Medium,26.764705882352935
441,01/08/2022,68.0,Jameda import jameda_gold_pro 816.00 m12,59,14,5.079485431292018,Low,121.18,14.4075,Medium,78.20588235294119
159,01/07/2020,68.0,GoldPro 816€ annual - alternative practitioners,63,4,6.526735285585264,Medium,96.13,14.4075,Medium,41.36764705882352
70,01/05/2020,68.0,Jameda import jameda_gold_pro 816.00 m12,65,4,6.367835782866038,Medium,98.34,14.4075,Medium,44.617647058823536
430,01/07/2020,44.5,GoldPro 534€ monthly (55% discount) - alternative practitioners,210,12,1.2353146212254233,Low,195.0,9.8894,Medium,338.2022471910112
393,01/06/2020,68.0,Jameda import jameda_gold_pro 816.00 m12,230,133,0.5258021339571539,Low,195.0,4.0258,Low,186.76470588235296
341,01/10/2020,99.0,Dynamic GoldPro 1188€ annual,0,1,75.15038234372548,Critical,99.0,75.15038234372548,Critical,0.0
434,01/10/2024,68.0,GoldPro 816€ annual - alternative practitioners,0,6,22.51724882516115,High,68.0,22.51724882516115,High,0.0
57,01/06/2020,68.0,Jameda import jameda_gold_pro 816.00 m12,5,1,34.713163568793725,Critical,68.0,34.713163568793725,Critical,0.0
136,01/01/2020,99.0,Jameda import jameda_gold_pro 1188.00 m12,0,10,22.719438788317554,High,99.0,22.719438788317554,High,0.0
374,01/07/2020,99.0,Jameda import jameda_gold_pro 1188.00 m12,0,10,22.719438788317554,High,99.0,22.719438788317554,High,0.0
270,01/03/2020,99.0,Jameda import jameda_gold_pro 1188.00 m12,3,6,29.24481803468128,Critical,99.0,29.24481803468128,Critical,0.0
394,01/03/2020,99.0,Jameda import jameda_gold_pro 1188.00 m12,3,13,17.205631749508097,High,99.0,17.205631749508097,High,0.0
328,01/07/2020,99.0,Jameda import jameda_gold_pro 1188.00 m12,9,15,13.758011607938226,Medium,99.0,14.4075,Medium,0.0
154,01/09/2021,159.0,Jameda import jameda_platin 1908.00 m12,72,6,13.125543832144311,Medium,159.0,14.4075,Medium,0.0
456,01/06/2021,99.0,Jameda import jameda_gold_pro 1188.00 m12,76,8,7.38715288451047,Medium,122.27,14.4075,Medium,23.505050505050495
7,01/08/2020,99.0,Jameda import jameda_gold_pro 1188.00 m12,207,6,3.24917684390903,Low,195.0,10.7022,Medium,96.96969696969697
221,01/07/2020,99.0,Jameda import jameda_gold_pro 1188.00 m12,239,7,2.7836330193414667,Low,195.0,9.3052,Medium,96.96969696969697
305,01/03/2020,99.0,GoldPro 1188€ annual,4,8,23.639021354020084,High,99.0,23.639021354020084,High,0.0
203,01/05/2024,79.16666666666667,Dynamic GoldPro 950€ annual (20% discount),0,14,13.819748537661058,Medium,79.17,14.4075,Medium,0.004210526315784335
450,01/03/2020,68.0,Jameda import jameda_gold_pro 816.00 m12,39,19,5.434959947143394,Low,113.83,14.4075,Medium,67.39705882352939
400,01/04/2024,79.16666666666667,Dynamic GoldPro 950€ annual (20% discount),84,1,6.558529439109383,Medium,110.47,14.4075,Medium,39.54105263157894
193,01/08/2020,99.0,Jameda import jameda_gold_pro 1188.00 m12,0,0,101.03092783505154,Critical,99.0,101.03092783505154,Critical,0.0
480,01/09/2020,99.0,Jameda import jameda_gold_pro 1188.00 m12,0,0,101.03092783505154,Critical,99.0,101.03092783505154,Critical,0.0
196,01/04/2020,159.0,Jameda import jameda_platin 1908.00 m12,0,0,162.88659793814432,Critical,159.0,162.88659793814432,Critical,0.0
50,01/01/2020,159.0,Jameda import jameda_platin 1908.00 m12,0,1,121.16187465401786,Critical,159.0,121.16187465401786,Critical,0.0
93,01/07/2020,159.0,Jameda import jameda_platin 1908.00 m12,0,1,121.16187465401786,Critical,159.0,121.16187465401786,Critical,0.0
438,01/04/2020,149.0,Jameda import jameda_platin 1788.00 m12,0,2,90.34821554448054,Critical,149.0,90.34821554448054,Critical,0.0
290,01/02/2020,159.0,Jameda import jameda_platin 1908.00 m12,0,2,96.4530573735786,Critical,159.0,96.4530573735786,Critical,0.0
212,01/08/2020,159.0,Jameda import jameda_platin 1908.00 m12,0,2,96.4530573735786,Critical,159.0,96.4530573735786,Critical,0.0
131,01/08/2020,159.0,Jameda import jameda_platin 1908.00 m12,0,2,96.4530573735786,Critical,159.0,96.4530573735786,Critical,0.0
490,01/10/2020,159.0,Jameda import jameda_platin 1908.00 m12,0,2,96.4530573735786,Critical,159.0,96.4530573735786,Critical,0.0
41,01/11/2020,159.0,Jameda import jameda_platin 1908.00 m12,0,2,96.4530573735786,Critical,159.0,96.4530573735786,Critical,0.0
469,01/03/2024,87.91666666666667,Dynamic GoldPro 1188€ annual,0,3,44.06874581067954,Critical,87.91666666666667,44.06874581067954,Critical,0.0
211,01/02/2020,99.0,Jameda import jameda_gold_pro 1188.00 m12,0,3,49.68890897107403,Critical,99.0,49.68890897107403,Critical,0.0
95,01/09/2020,99.0,Jameda import jameda_gold_pro 1188.00 m12,0,3,49.68890897107403,Critical,99.0,49.68890897107403,Critical,0.0
63,01/12/2020,99.0,Jameda import jameda_gold_pro 1188.00 m12,0,3,49.68890897107403,Critical,99.0,49.68890897107403,Critical,0.0
494,01/08/2020,79.16666666666667,Dynamic GoldPro 950€ annual (20% discount),0,4,33.88889725318575,Critical,79.16666666666667,33.88889725318575,Critical,0.0
47,01/08/2020,159.0,Jameda import jameda_platin 1908.00 m12,0,4,68.50740617077125,Critical,159.0,68.50740617077125,Critical,0.0
243,01/07/2020,88.0,Jameda import jameda_gold_pro 1056.00 m12,0,5,32.944561183320864,Critical,88.0,32.944561183320864,Critical,0.0
256,01/02/2020,99.0,GoldPro 1188€ annual,0,6,32.94045720596533,Critical,99.0,32.94045720596533,Critical,0.0
449,01/03/2020,99.0,Dynamic GoldPro 1188€ annual,0,6,32.94045720596533,Critical,99.0,32.94045720596533,Critical,0.0
361,01/12/2020,159.0,Jameda import jameda_platin 1908.00 m12,0,6,53.11440891074761,Critical,159.0,53.11440891074761,Critical,0.0
485,01/01/2024,143.08333333333334,Platin 1717€ annual (10% discount),0,7,42.93737556840004,Critical,143.08333333333334,42.93737556840004,Critical,0.0
398,01/02/2020,159.0,Jameda import jameda_platin 1908.00 m12,0,7,47.74871910553176,Critical,159.0,47.74871910553176,Critical,0.0
413,01/02/2020,159.0,Jameda import jameda_platin 1908.00 m12,0,7,47.74871910553176,Critical,159.0,47.74871910553176,Critical,0.0
123,01/11/2021,159.0,Jameda import jameda_platin 1908.00 m12,0,8,43.366882572900366,Critical,159.0,43.366882572900366,Critical,0.0
141,01/02/2020,99.0,Jameda import jameda_gold_pro 1188.00 m12,0,9,24.631161930701637,High,99.0,24.631161930701637,High,0.0
74,01/02/2020,149.0,Dynamic Platin 1908€ annual,0,9,37.20598733808441,Critical,149.0,37.20598733808441,Critical,0.0
266,01/05/2020,159.0,Jameda import jameda_platin 1908.00 m12,0,9,39.720952419560966,Critical,159.0,39.720952419560966,Critical,0.0
376,01/03/2021,159.0,Dynamic Platin 1908€ annual,0,9,39.720952419560966,Critical,159.0,39.720952419560966,Critical,0.0
226,01/09/2020,79.0,Jameda import jameda_gold_pro 948.00 m12,0,10,18.07930482522132,High,79.0,18.07930482522132,High,0.0
195,01/02/2020,159.0,Jameda import jameda_platin 1908.00 m12,0,10,36.63984067760626,Critical,159.0,36.63984067760626,Critical,0.0
80,01/03/2020,99.0,GoldPro 1188€ annual,0,12,19.664914153830658,High,99.0,19.664914153830658,High,0.0
245,01/02/2020,99.0,GoldPro 1188€ annual,0,13,18.42541728317135,High,99.0,18.42541728317135,High,0.0
84,01/10/2020,159.0,Jameda import jameda_platin 1908.00 m12,0,13,29.719988836200866,Critical,159.0,29.719988836200866,Critical,0.0
249,01/07/2020,95.0,Jameda import jameda_platin 1140.00 m12,0,14,16.623940554678928,High,95.0,16.623940554678928,High,0.0
275,01/05/2020,99.0,Jameda import jameda_gold_pro 1188.00 m12,0,14,17.33236801160976,High,99.0,17.33236801160976,High,0.0
301,01/01/2020,159.0,Jameda import jameda_platin 1908.00 m12,0,15,26.39411772331078,High,159.0,26.39411772331078,High,0.0
261,01/03/2020,79.0,Jameda import jameda_gold_pro 948.00 m12,0,16,12.32526208333335,Medium,79.0,14.4075,Medium,0.0
311,01/01/2020,99.0,Jameda import jameda_gold_pro 1188.00 m12,0,16,15.492649337871745,High,99.0,15.492649337871745,High,0.0
288,01/01/2020,159.0,Jameda import jameda_platin 1908.00 m12,0,16,24.994811101486928,High,159.0,24.994811101486928,High,0.0
476,01/03/2020,83.0,Jameda import jameda_gold_pro 996.00 m12,0,17,12.304571642557987,Medium,83.0,14.4075,Medium,0.0
227,01/04/2021,159.0,Jameda import jameda_platin 1908.00 m12,0,17,23.735937041835346,High,159.0,23.735937041835346,High,0.0
326,01/06/2020,99.0,Jameda import jameda_gold_pro 1188.00 m12,0,18,14.004303635348272,Medium,99.0,14.4075,Medium,0.0
350,01/04/2024,119.25,Platin 1431€ annual (25% discount),0,18,16.90445395433226,High,119.25,16.90445395433226,High,0.0
322,01/03/2020,149.0,Jameda import jameda_platin 1788.00 m12,0,18,21.165168620493915,High,149.0,21.165168620493915,High,0.0
354,01/06/2020,159.0,Jameda import jameda_platin 1908.00 m12,0,18,22.597341617523046,High,159.0,22.597341617523046,High,0.0
411,01/05/2020,99.0,Jameda import jameda_gold_pro 1188.00 m12,0,19,13.361817839625663,Medium,99.0,14.4075,Medium,0.0
367,01/07/2022,149.0,Jameda import jameda_platin 1788.00 m12,0,19,20.195762399956404,High,149.0,20.195762399956404,High,0.0
489,01/01/2020,159.0,Jameda import jameda_platin 1908.00 m12,0,19,21.562551312022553,High,159.0,21.562551312022553,High,0.0
463,01/05/2020,99.0,Jameda import jameda_gold_pro 1188.00 m12,0,20,12.775284194849368,Medium,99.0,14.4075,Medium,0.0
327,01/03/2020,99.0,Jameda import jameda_gold_pro 1188.00 m12,0,21,12.23768059372191,Medium,99.0,14.4075,Medium,0.0
18,01/09/2020,159.0,Jameda import jameda_platin 1908.00 m12,0,27,15.771552806417702,High,159.0,15.771552806417702,High,0.0
35,01/08/2020,99.0,Jameda import jameda_gold_pro 1188.00 m12,1,0,89.4838909211839,Critical,99.0,89.4838909211839,Critical,0.0
254,01/10/2020,99.0,Jameda import jameda_gold_pro 1188.00 m12,1,1,68.56826220275546,Critical,99.0,68.56826220275546,Critical,0.0
435,01/06/2022,159.0,Jameda import jameda_platin 1908.00 m12,1,9,38.50766911381494,Critical,159.0,38.50766911381494,Critical,0.0
216,01/08/2020,99.0,Jameda import jameda_gold_pro 1188.00 m12,1,11,20.528057427922914,High,99.0,20.528057427922914,High,0.0
99,01/06/2020,159.0,Jameda import jameda_platin 1908.00 m12,4,13,27.155813565607243,High,159.0,27.155813565607243,High,0.0
127,01/05/2020,88.0,Jameda import jameda_gold_pro 1056.00 m12,38,3,12.900978006233665,Medium,88.0,14.4075,Medium,0.0
272,01/03/2020,99.0,Jameda import jameda_gold_pro 1188.00 m12,38,23,7.244605891765354,Medium,124.52,14.4075,Medium,25.777777777777764
96,01/05/2021,159.0,Jameda import jameda_platin 1908.00 m12,41,16,13.749990738395656,Medium,159.0,14.4075,Medium,0.0
43,01/10/2021,99.0,Dynamic GoldPro 1188€ annual,68,4,9.009008421021544,Medium,101.65,14.4075,Medium,2.6767676767676774
432,01/10/2020,79.0,Jameda import jameda_gold 948.00 m12,81,10,5.329088946047017,Low,133.7,14.4075,Medium,69.24050632911391
191,01/11/2020,99.0,Dynamic GoldPro 1188€ annual,81,18,5.640895057725977,Medium,157.32,14.4075,Medium,58.909090909090914
277,01/07/2020,99.0,Jameda import jameda_gold_pro 1188.00 m12,85,8,6.793706519072321,Medium,132.22,14.4075,Medium,33.55555555555556
359,01/01/2021,159.0,Jameda import jameda_platin 1908.00 m12,86,7,11.16041408818753,Medium,159.0,14.4075,Medium,0.0
27,01/07/2021,99.0,Jameda import jameda_gold_pro 1188.00 m12,92,16,5.409700707189357,Low,163.59,14.4075,Medium,65.24242424242424
238,01/09/2020,99.0,Jameda import jameda_gold_pro 1188.00 m12,98,4,6.655162244448068,Medium,134.79,14.4075,Medium,36.151515151515135
488,01/09/2022,88.0,Jameda import jameda_gold_pro 1056.00 m12,100,13,4.792951313098878,Low,163.59,14.4075,Medium,85.89772727272728
121,01/05/2022,99.0,Jameda import jameda_gold_pro 1188.00 m12,112,31,3.7413512831012103,Low,195.0,12.1843,Medium,96.96969696969697
176,01/01/2021,99.0,Jameda import jameda_gold_pro 1188.00 m12,124,7,5.112918819929838,Low,172.43,14.4075,Medium,74.17171717171718
276,01/07/2020,159.0,Dynamic Platin 1908€ annual,139,59,3.9584736461941255,Low,195.0,8.1102,Medium,22.64150943396226
48,01/07/2020,88.0,Jameda import jameda_gold_pro 1056.00 m12,150,3,4.09158751476748,Low,189.42,14.4075,Medium,115.24999999999999
184,01/06/2023,159.0,Dynamic Platin 1908€ annual,164,24,5.206447766323625,Low,195.0,10.4745,Medium,22.64150943396226
248,01/02/2020,159.0,Jameda import jameda_platin 1908.00 m12,180,12,5.607140288629161,Medium,195.0,11.234,Medium,22.64150943396226
500,01/09/2021,99.0,GoldPro 1188€ annual,188,21,2.952204163352969,Low,195.0,9.8102,Medium,96.96969696969697
296,01/05/2022,159.0,Jameda import jameda_platin 1908.00 m12,195,21,4.715947592652111,Low,195.0,9.5445,Medium,22.64150943396226
12,01/03/2022,159.0,Jameda import jameda_platin 1908.00 m12,199,18,4.795231066291237,Low,195.0,9.6948,Medium,22.64150943396226
330,01/11/2020,99.0,Jameda import jameda_gold_pro 1188.00 m12,230,0,3.1449449357038275,Low,195.0,10.3888,Medium,96.96969696969697
314,01/06/2020,29.666666666666668,GoldPro 356€ annual (70% discount),247,0,0.7397140550578798,Low,195.0,9.6962,Medium,557.3033707865168
33,01/08/2022,159.0,Dynamic Platin 1908€ annual,265,4,4.2761328242077985,Low,195.0,8.7112,Medium,22.64150943396226
304,01/01/2023,127.16666666666667,Dynamic Platin 1526€ annual (20% discount),276,21,2.7523831087631274,Low,195.0,7.247,Medium,53.34207077326343
135,01/03/2020,125.0,Jameda import jameda_platin 1500.00 m12,321,7,2.632413583777602,Low,195.0,7.0841,Medium,56.00000000000001
173,01/04/2020,88.0,Jameda import jameda_gold_pro 1056.00 m12,391,54,0.9352093515947748,Low,195.0,4.4325,Low,121.59090909090908
278,01/02/2020,99.0,Jameda import jameda_gold_pro 1188.00 m12,584,36,0.6995993248946604,Low,195.0,3.404,Low,96.96969696969697
451,01/08/2020,159.0,Dynamic Platin 1908€ annual,0,7,47.74871910553176,Critical,159.0,47.74871910553176,Critical,0.0
177,01/03/2020,159.0,Jameda import jameda_platin 1908.00 m12,0,12,31.71730720129318,Critical,159.0,31.71730720129318,Critical,0.0
86,01/01/2023,159.0,Platin 1908€ annual,0,11,34.00167916276164,Critical,159.0,34.00167916276164,Critical,0.0
320,01/08/2020,45.0,Jameda import jameda_gold 540.00 m12,0,14,7.768597343043545,Medium,56.09,14.4075,Medium,24.644444444444446
42,01/05/2020,99.0,Jameda import jameda_gold_pro 1188.00 m12,99,44,3.3531442311704125,Low,195.0,11.015,Medium,96.96969696969697
165,01/01/2024,70.4,Jameda import jameda_gold_pro 1056.00 m15,85,12,4.3683827559388675,Low,144.03,14.4075,Medium,104.58806818181819
26,01/06/2022,54.4,Jameda import jameda_gold_pro 816.00 m15,31,0,10.990309278350514,Medium,54.4,14.4075,Medium,0.0
